Run_Name,refined_mask_AP@50,refined_mask_AP@75,refined_mask_AP@95,refined_mask_AP@50:95,refined_mask_AR@50,refined_mask_AR@75,refined_mask_AR@95,refined_mask_AR@50:95
YOLOv8 Nano,0.8026125304455233,0.6910717204402753,0.19524431398755646,0.5629761882911184,0.6796865754666143,0.5914643226290263,0.12398979982718146,0.4650468993076074
YOLOv8 X-Large,0.8055051697642842,0.6893940220270487,0.18536369808197165,0.5600876299577682,0.6795061108246474,0.594405270685965,0.12109707065906819,0.4650028173898935
Mask R-CNN,0.6975816290642795,0.595341425215371,0.1840746001664924,0.49233255148204763,0.5911293768672918,0.5096044711661781,0.13118045450334448,0.41063810084560476
Mask2Former,0.630485529721379,0.5060799159368319,0.12793687480418625,0.42150077348746573,0.5759108330340365,0.48100183583261086,0.09221493668527145,0.3830425351839729
