Run_Name,refined_mask_AP@50,refined_mask_AP@50:95,refined_mask_AP@75,refined_mask_AP@95,refined_mask_AR@50,refined_mask_AR@50:95,refined_mask_AR@75,refined_mask_AR@95
YOLOv8 Nano,0.8812361700906676,0.7154238890208069,0.8058981357047068,0.45913736126704635,0.7623878216314564,0.6104330338039434,0.6998845999600377,0.36902667982033577
YOLOv8 XL,0.8774776437318014,0.7211121223928936,0.8101679132088421,0.475690810238037,0.7473849753842726,0.609371768940953,0.6943068789665784,0.3864234524720082
Mask R-CNN,0.7787834466707346,0.6536890679983802,0.7130342284576401,0.46924952886676613,0.634807129398954,0.532336350797115,0.5848901636776888,0.37731175931470173
Mask2Former,0.6548210896614062,0.5051801796133447,0.5497106482795779,0.31100880089905003,0.6123929064512468,0.4888545336486437,0.5420395243882934,0.3121311701063909
