Run_Name,refined_mask_AP@50,refined_mask_AP@75,refined_mask_AP@95,refined_mask_AP@50:95,refined_mask_AR@50,refined_mask_AR@75,refined_mask_AR@95,refined_mask_AR@50:95
YOLOv8 Nano,0.8337679040534253,0.7295728003696332,0.34452779602311817,0.6359561668153922,0.7053723409381599,0.6238917563497026,0.24735875304300886,0.5255409501102906
YOLOv8 X-Large,0.8362662281192147,0.7420484123068857,0.3500036163974201,0.6427727522745069,0.6972449583257042,0.6313274596075409,0.25712988141882337,0.5285674331173562
Mask R-CNN,0.7415633452964486,0.6550986927377908,0.3184281712409798,0.5716967364250731,0.6047183508861245,0.5343377909919581,0.2345774325365027,0.45787785813819515
Mask2Former,0.6602981828521963,0.5701036889635338,0.23703135278950213,0.4891444082017441,0.5872278659850243,0.5251420419476533,0.2048645297658242,0.4390781458995006
